13H1,13M1,13N1,13S1 - USSF,14F1,14N1 - USAF,14N1 - USSF,15A1,15W1,17D1 - USAF,17D1 - USSF,19Z1A,19Z1B,19Z1C,21A1,21M1,21R1,31P1,32E1A,32E1C,32E1E,32E1F,32E1G,32E1J,35P1,38F1,61C1,61D1,62E1A - USAF,62E1A - USSF,62E1B - USAF,62E1B - USSF,62E1C - USAF,62E1C - USSF,62E1E - USAF,62E1E - USSF,62E1G - USAF,62E1G - USSF,62E1H - USAF,62E1H - USSF,62E1I - USAF,62E1I - USSF,63A1 - USAF,63A1 - USSF,64P1,65F1,71S1,92T0,92T0E,92T0H,92T1,92T2,92T3
ANDREWS,EGLIN,FE WARREN,VANDENBERG ,BARKSDALE ,GOODFELLOW,GOODFELLOW,BARKSDALE ,ANDERSEN,KEESLER,KEESLER,JBSA LACKLAND,JBSA LACKLAND,KIRTLAND,AVIANO,ANDERSEN,ALTUS,ANDREWS,ALCONBURY,ALCONBURY,ALCONBURY,ALCONBURY,ALCONBURY,ALCONBURY,ALTUS,ANDREWS,ABERDEEN PROV GND,ARNOLD,ABERDEEN PROV GND,BUCKLEY,ABERDEEN PROV GND,BUCKLEY,ABERDEEN PROV GND,BUCKLEY,ABERDEEN PROV GND,BUCKLEY,ABERDEEN PROV GND,BUCKLEY,ABERDEEN PROV GND,BUCKLEY,ABERDEEN PROV GND,BUCKLEY,ARLINGTON,BUCKLEY,ALTUS,ALCONBURY,ANDREWS,COLUMBUS,SHEPPARD,FT RUCKER,PENSACOLA NAS,TYNDALL,JBSA RANDOLPH
COLUMBUS,HILL,MALMSTROM,,CANNON,,,DAVIS-MONTHAN ,BARKSDALE,,,,,,BARKSDALE,AVIANO,ANDERSEN,AVIANO,ALTUS,ALTUS,ALTUS,ALTUS,ALTUS,ALTUS,ANDREWS,AVIANO,CHARLOTTESVILLE,BARKSDALE ,ARNOLD,CAPE CANAVERAL,ARNOLD,CAPE CANAVERAL,ARNOLD,CAPE CANAVERAL,ARNOLD,CAPE CANAVERAL,BARKSDALE,CAPE CANAVERAL,ARNOLD,CAPE CANAVERAL,BARKSDALE,CAPE CANAVERAL,ARNOLD,CAPE CANAVERAL,ANDERSEN,ALTUS,BARKSDALE,LAUGHLIN,,,,,
JB LANGLEY-EUSTIS,ROBINS,MINOT ,,DAVIS-MONTHAN ,,,DYESS,CANNON,,,,,,BEALE,BARKSDALE,ANDREWS,FE WARREN,ANDERSEN,ANDERSEN,ANDERSEN,ANDERSEN,ANDERSEN,ANDERSEN,BARKSDALE,BARKSDALE,EDWARDS ,BUCKLEY ,BARKSDALE,COLORADO SPRINGS,BARKSDALE,COLORADO SPRINGS,BARKSDALE,COLORADO SPRINGS,BARKSDALE,COLORADO SPRINGS,BEALE,COLORADO SPRINGS,BARKSDALE,COLORADO SPRINGS,BEALE,COLORADO SPRINGS,BOSTON CITY,COLORADO SPRINGS,ANDREWS,ANDERSEN,DAVIS-MONTHAN,VANCE,,,,,
JBSA LACKLAND,TINKER,VANDENBERG,,HURLBURT FIELD ,,,EDWARDS ,COLUMBUS ,,,,,,CANNON,BEALE,AVIANO,JBSA LACKLAND,ANDREWS,ANDREWS,ANDREWS,ANDREWS,ANDREWS,ANDREWS,BEALE,BEALE,EGLIN,CHARLOTTESVILLE,BEALE,KIRTLAND,BEALE,EDWARDS,BEALE,KIRTLAND,BEALE,HANSCOM,BOSTON CITY,KIRTLAND,BEALE,KIRTLAND,BOSTON CITY,KIRTLAND,EGLIN,KIRTLAND,AVIANO,ANDREWS,EDWARDS,,,,,,
JBSA RANDOLPH,WRIGHT PATTERSON,,,JB LANGLEY-EUSTIS,,,EGLIN ,DAVIS-MONTHAN ,,,,,,CREECH,CANNON,BARKSDALE,KIRTLAND,AVIANO,AVIANO,AVIANO,AVIANO,AVIANO,AVIANO,BUCKLEY,CANNON,JBSA FT SAM HOUSTON,COLORADO SPRINGS,BOSTON CITY,LOS ANGELES,BOSTON CITY,KIRTLAND,BOSTON CITY,LOS ANGELES,BOSTON CITY,KIRTLAND,DYESS,LOS ANGELES,BOSTON CITY,LOS ANGELES,DYESS,LOS ANGELES,FT GEORGE MEADE,LOS ANGELES,BARKSDALE,ARNOLD,EGLIN,,,,,,
LAUGHLIN,,,,JBSA LACKLAND,,,HILL,DYESS ,,,,,,DAVIS-MONTHAN ,CREECH,BEALE,LAKENHEATH,BARKSDALE,BARKSDALE,BARKSDALE,BARKSDALE,BARKSDALE,BARKSDALE,CANNON,COLUMBUS,JBSA LACKLAND,EDWARDS ,BUCKLEY,PETERSON,BUCKLEY,LOS ANGELES,DYESS,PATRICK,DYESS,LOS ANGELES,EDWARDS,PETERSON,DYESS,PETERSON,EDWARDS,PETERSON,HANSCOM,PETERSON,BEALE,AVIANO,HANSCOM,,,,,,
PETERSON,,,,MILDENHALL,,,JB LANGLEY-EUSTIS,ELLSWORTH ,,,,,,DOVER,DAVIS-MONTHAN ,CANNON,MALMSTROM,BEALE,BEALE,BEALE,BEALE,BEALE,BEALE,COLUMBUS,DAVIS-MONTHAN ,KADENA,EGLIN ,DYESS,SCHRIEVER,DYESS,PETERSON,EDWARDS,PETERSON,EDWARDS,PATRICK,EGLIN,SCHRIEVER,EDWARDS,SCHRIEVER,EGLIN,SCHRIEVER,HILL,SCHRIEVER,BUCKLEY,BARKSDALE,HILL,,,,,,
SHEPPARD,,,,SCOTT,,,JBSA RANDOLPH,FT CAMPBELL,,,,,,DYESS,DYESS,DAVIS-MONTHAN ,MINOT,BUCKLEY,BUCKLEY,BUCKLEY,BUCKLEY,BUCKLEY,BUCKLEY,CREECH,DOVER,KIRTLAND,FT BELVOIR,EDWARDS,VANDENBERG,EDWARDS,SCHRIEVER,EGLIN,SCHRIEVER,EGLIN,PETERSON,FT GEORGE MEADE,VANDENBERG,EGLIN,VANDENBERG,FT GEORGE MEADE,VANDENBERG,HOLLOMAN,VANDENBERG,CANNON,BEALE,HURLBURT FIELD,,,,,,
VANCE,,,,WRIGHT PATTERSON ,,,KIRTLAND ,FT CARSON,,,,,,EDWARDS,EGLIN,DOVER,MOODY,CANNON,CANNON,CANNON,CANNON,CANNON,CANNON,DAVIS-MONTHAN ,DYESS,MILDENHALL,HILL,EGLIN,WRIGHT PATTERSON,EGLIN,VANDENBERG,FT GEORGE MEADE,VANDENBERG,FT GEORGE MEADE,SCHRIEVER,FT GORDON,,FT GEORGE MEADE,,FT GORDON,,HURLBURT FIELD,,COLUMBUS,BUCKLEY,JB ANACOSTIA BOLLING,,,,,,
WRIGHT PATTERSON,,,,,,,LOS ANGELES ,FT CAVAZOS,,,,,,EGLIN,EIELSON,DYESS,WHITEMAN,COLUMBUS,COLUMBUS,COLUMBUS,COLUMBUS,COLUMBUS,COLUMBUS,DOVER,EDWARDS,PATRICK ,JBSA FT SAM HOUSTON,FT GEORGE MEADE,,FT GEORGE MEADE,WRIGHT PATTERSON,FT GORDON,,FT GORDON,VANDENBERG,HANSCOM,,FT GORDON,,HANSCOM,,JB ANACOSTIA BOLLING,,DAVIS-MONTHAN,CANNON,JB LANGLEY-EUSTIS,,,,,,
,,,,,,,NELLIS ,FT LIBERTY (airborne),,,,,,EIELSON,ELLSWORTH,EGLIN,,DAVIS-MONTHAN ,DAVIS-MONTHAN ,DAVIS-MONTHAN ,DAVIS-MONTHAN ,DAVIS-MONTHAN ,DAVIS-MONTHAN ,DYESS,EGLIN,WRIGHT PATTERSON ,KIRTLAND ,FT GORDON,,FT GORDON,,HANSCOM,,HANSCOM,WRIGHT PATTERSON,HILL,,HANSCOM,,HILL,,JB ELMENDORF-RICH,,DOVER,COLUMBUS,JB LEWIS-MCCHORD,,,,,,
,,,,,,,PETERSON ,FT STEWART,,,,,,ELLSWORTH,FE WARREN,EIELSON,,DOVER ,DOVER ,DOVER ,DOVER ,DOVER ,DOVER ,EGLIN,EIELSON,,LOS ANGELES,HANSCOM,,HANSCOM,,HILL,,HILL,,HOLLOMAN,,HILL,,HOLLOMAN,,JB LANGLEY-EUSTIS,,DYESS,DAVIS-MONTHAN,JBSA FT SAM HOUSTON,,,,,,
,,,,,,,SCOTT,HOLLOMAN ,,,,,,FAIRCHILD,HILL,ELLSWORTH,,DYESS,DYESS,DYESS,DYESS,DYESS,DYESS,EIELSON,ELLSWORTH,,MAUI ISLAND ,HILL,,HILL,,HOLLOMAN,,HOLLOMAN,,HURLBURT FIELD,,HOLLOMAN,,HURLBURT FIELD,,JBSA FT SAM HOUSTON,,EDWARDS,DOVER,JBSA LACKLAND,,,,,,
,,,,,,,TINKER,JB LEWIS-MCCHORD,,,,,,HILL,HOLLOMAN,FAIRCHILD,,EGLIN,EGLIN,EGLIN,EGLIN,EGLIN,EGLIN,ELLSWORTH,FE WARREN,,OFFUTT,HOLLOMAN,,HOLLOMAN,,HURLBURT FIELD,,HURLBURT FIELD,,JBSA LACKLAND,,HURLBURT FIELD,,JBSA LACKLAND,,JBSA LACKLAND,,EGLIN,DYESS,KEESLER,,,,,,
,,,,,,,TYNDALL,JB PRL HBR-HICKAM,,,,,,HOLLOMAN,HURLBURT FIELD ,FE WARREN,,EIELSON,EIELSON,EIELSON,EIELSON,EIELSON,EIELSON,FAIRCHILD,FT GORDON,,PATRICK ,HURLBURT FIELD,,HURLBURT FIELD,,JBSA LACKLAND,,JBSA LACKLAND,,JBSA RANDOLPH,,JBSA LACKLAND,,JBSA RANDOLPH,,JBASA RANDOLPH,,EIELSON,EDWARDS,KIRTLAND,,,,,,
,,,,,,,WHITEMAN ,KAPAUN,,,,,,HURLBURT FIELD ,JB ELMENDORF-RICH,GRAND FORKS,,ELLSWORTH,ELLSWORTH,ELLSWORTH,ELLSWORTH,ELLSWORTH,ELLSWORTH,FE WARREN,GOODFELLOW,,ROME LAB MTC ,JBSA LACKLAND,,JBSA LACKLAND,,JBSA RANDOLPH,,JBSA RANDOLPH,,KIRTLAND,,JBSA RANDOLPH,,KIRTLAND,,KIRTLAND,,ELLSWORTH,EGLIN,LOS ANGELES,,,,,,
,,,,,,,WRIGHT PATTERSON ,LAUGHLIN,,,,,,JB CHARLESTON,JB LANGLEY-EUSTIS,HILL,,FAIRCHILD,FAIRCHILD,FAIRCHILD,FAIRCHILD,FAIRCHILD,FAIRCHILD,GOODFELLOW,GRAND FORKS,,WRIGHT PATTERSON ,JBSA RANDOLPH,,JBSA RANDOLPH,,KIRTLAND,,KIRTLAND,,NELLIS,,KIRTLAND,,NELLIS,,MAXWELL-GUNTER,,FAIRCHILD,EIELSON,LUKE,,,,,,
,,,,,,,,NELLIS,,,,,,JB ELMENDORF-RICH,KADENA,HOLLOMAN,,FE WARREN,FE WARREN,FE WARREN,FE WARREN,FE WARREN,FE WARREN,HOLLOMAN,HOLLOMAN,,,KIRTLAND,,KIRTLAND,,NELLIS,,NELLIS,,PATRICK,,NELLIS,,PATRICK,,MOUNTAIN HOME,,FE WARREN,ELLSWORTH,MACDILL,,,,,,
,,,,,,,,OFFUTT,,,,,,JB LANGLEY-EUSTIS,KIRTLAND,HURLBURT FIELD ,,GOODFELLOW,GOODFELLOW,GOODFELLOW,GOODFELLOW,GOODFELLOW,GOODFELLOW,HURLBURT FIELD ,HURLBURT FIELD,,,NELLIS,,NELLIS,,OFFUTT,,OFFUTT,,PATUXENT RIVER NA,,PATRICK,,PATUXENT RIVER NA,,OFFUTT,,GOODFELLOW,FAIRCHILD,MALMSTROM,,,,,,
,,,,,,,,SCOTT,,,,,,JB LEWIS-MCCHORD,LAKENHEATH,JB CHARLESTON,,GRAND FORKS,GRAND FORKS,GRAND FORKS,GRAND FORKS,GRAND FORKS,GRAND FORKS,JB CHARLESTON,JB CHARLESTON,,,OFFUTT,,OFFUTT,,PATRICK,,PATRICK,,PENTAGON,,PATUXENT RIVER NA,,PENTAGON,,PATRICK,,GRAND FORKS,FE WARREN,JBMDL MCGUIRE,,,,,,
,,,,,,,,SHAW,,,,,,JB PRL HBR-HICKAM,LUKE,JB ELMENDORF-RICH,,HOLLOMAN,HOLLOMAN,HOLLOMAN,HOLLOMAN,HOLLOMAN,HOLLOMAN,JB ELMENDORF-RICH,JB ELMENDORF-RICH,,,PATRICK,,PATRICK,,PATUXENT RIVER NA,,PATUXENT RIVER NA,,POWAY,,PENTAGON,,POWAY,,PATUXENT RIVER,,HANSCOM,GOODFELLOW,MINOT,,,,,,
,,,,,,,,SHEPPARD ,,,,,,JBMDL MCGUIRE ,MALMSTROM,JB LANGLEY-EUSTIS,,HURLBURT FIELD ,HURLBURT FIELD ,HURLBURT FIELD ,HURLBURT FIELD ,HURLBURT FIELD ,HURLBURT FIELD ,JB LANGLEY-EUSTIS,JB LANGLEY-EUSTIS,,,PATUXENT RIVER NA,,PATUXENT RIVER NA,,PENTAGON,,PENTAGON,,ROBINS,,POWAY,,ROBINS,,ROBINS,,HILL,GRAND FORKS,NELLIS,,,,,,
,,,,,,,,VANCE,,,,,,KADENA,MINOT,JB LEWIS-MCCHORD,,JB ANACOSTIA BOLLING,JB ANACOSTIA BOLLING,JB ANACOSTIA BOLLING,JB ANACOSTIA BOLLING,JB ANACOSTIA BOLLING,JB ANACOSTIA BOLLING,JBMDL MCGUIRE ,JB PRL HBR-HICKAM,,,PENTAGON,,PENTAGON,,POWAY,,POWAY,,TINKER,,ROBINS,,TINKER,,ROME LAB MTC ,,HOLLOMAN,HANSCOM,OFFUTT,,,,,,
,,,,,,,,WHITEMAN ,,,,,,KIRTLAND,MISAWA,JB PRL HBR-HICKAM,,JB CHARLESTON,JB CHARLESTON,JB CHARLESTON,JB CHARLESTON,JB CHARLESTON,JB CHARLESTON,JBSA LACKLAND,JBMDL MCGUIRE,,,POWAY,,POWAY,,ROBINS,,ROBINS,,TUCSON INTL,,TINKER,,TUCSON INTL,,SCOTT,,HURLBURT FIELD,HILL,PETERSON,,,,,,
,,,,,,,,,,,,,,KUNSAN,MOODY,JBMDL MCGUIRE ,,JB ELMENDORF-RICH,JB ELMENDORF-RICH,JB ELMENDORF-RICH,JB ELMENDORF-RICH,JB ELMENDORF-RICH,JB ELMENDORF-RICH,JBSA RANDOLPH,JBSA LACKLAND,,,ROBINS,,ROBINS,,ROME LAB NY,,ROME LAB NY,,TYNDALL,,TUCSON INTL,,TYNDALL,,TINKER,,INCIRLIK,HOLLOMAN,ROBINS,,,,,,
,,,,,,,,,,,,,,LAKENHEATH,MOUNTAIN HOME,JBSA LACKLAND,,JB LANGLEY-EUSTIS,JB LANGLEY-EUSTIS,JB LANGLEY-EUSTIS,JB LANGLEY-EUSTIS,JB LANGLEY-EUSTIS,JB LANGLEY-EUSTIS,KIRTLAND,JBSA RANDOLPH,,,TINKER,,TINKER,,TINKER,,SAN ANTONIO,,WHITE SAND MSL RG,,TYNDALL,,WHITE SAND MSL RG,,TYNDALL,,JB ANACOSTIA BOLLING,HURLBURT FIELD,SCOTT ,,,,,,
,,,,,,,,,,,,,,LITTLE ROCK,NELLIS,KADENA,,JB LEWIS-MCCHORD,JB LEWIS-MCCHORD,JB LEWIS-MCCHORD,JB LEWIS-MCCHORD,JB LEWIS-MCCHORD,JB LEWIS-MCCHORD,LITTLE ROCK,KADENA,,,TUCSON INTL,,TUCSON INTL,,TUCSON INTL,,TINKER,,WRIGHT PATTERSON,,WHITE SAND MSL RG,,WRIGHT PATTERSON,,WHITE SAND MSL RG,,JB CHARLESTON,JB ANACOSTIA BOLLING,SHAW,,,,,,
,,,,,,,,,,,,,,LUKE,RAMSTEIN,KEESLER,,JB PRL HBR-HICKAM,JB PRL HBR-HICKAM,JB PRL HBR-HICKAM,JB PRL HBR-HICKAM,JB PRL HBR-HICKAM,JB PRL HBR-HICKAM,LUKE,KEESLER,,,TYNDALL,,TYNDALL,,TYNDALL,,TUCSON INTL,,,,WRIGHT PATTERSON,,,,WRIGHT PATTERSON,,JB ELMENDORF-RICH,JB CHARLESTON,SHEPPARD,,,,,,
,,,,,,,,,,,,,,MACDILL,SEYMOUR JOHNSON,KIRTLAND,,JBMDL MCGUIRE ,JBMDL MCGUIRE ,JBMDL MCGUIRE ,JBMDL MCGUIRE ,JBMDL MCGUIRE ,JBMDL MCGUIRE ,MACDILL,KIRTLAND,,,WHITE SAND MSL RG,,WHITE SAND MSL RG,,WHITE SAND MSL RG,,TYNDALL,,,,,,,,,,JB LANGLEY-EUSTIS,JB ELMENDORF-RICH,TINKER,,,,,,
,,,,,,,,,,,,,,MCCONNELL,SHAW,LAKENHEATH,,KADENA,KADENA,KADENA,KADENA,KADENA,KADENA,MALMSTROM,LAKENHEATH,,,WRIGHT PATTERSON,,WRIGHT PATTERSON,,WHITEMAN,,WHITE SAND MSL RG,,,,,,,,,,JB PRL HBR-HICKAM,JB LANGLEY-EUSTIS,TRAVIS,,,,,,
,,,,,,,,,,,,,,MILDENHALL,SPANGDAHLEM,LITTLE ROCK,,LAKENHEATH,LAKENHEATH,LAKENHEATH,LAKENHEATH,LAKENHEATH,LAKENHEATH,MCCONNELL,LAUGHLIN,,,,,,,WRIGHT PATTERSON,,WHITEMAN,,,,,,,,,,JBMDL MCGUIRE,JB LEWIS-MCCHORD,WHITEMAN,,,,,,
,,,,,,,,,,,,,,MINOT,TYNDALL,LUKE,,LAUGHLIN,LAUGHLIN,LAUGHLIN,LAUGHLIN,LAUGHLIN,LAUGHLIN,MINOT,LITTLE ROCK,,,,,,,YOKOTA,,WRIGHT PATTERSON,,,,,,,,,,JBSA LACKLAND,JB PRL HBR-HICKAM,WRIGHT-PATTERSON,,,,,,
,,,,,,,,,,,,,,MISAWA,VANDENBERG,MACDILL,,LITTLE ROCK ,LITTLE ROCK ,LITTLE ROCK ,LITTLE ROCK ,LITTLE ROCK ,LITTLE ROCK ,MOODY,LUKE,,,,,,,,,YOKOTA,,,,,,,,,,KADENA,JBMDL MCGUIRE,,,,,,,
,,,,,,,,,,,,,,MOODY,WHITEMAN,MALMSTROM,,LUKE,LUKE,LUKE,LUKE,LUKE,LUKE,MOUNTAIN HOME,MACDILL,,,,,,,,,,,,,,,,,,,KEESLER,JBSA FT SAM HOUSTON,,,,,,,
,,,,,,,,,,,,,,MOUNTAIN HOME,,MCCONNELL,,MALMSTROM,MALMSTROM,MALMSTROM,MALMSTROM,MALMSTROM,MALMSTROM,NELLIS,MALMSTROM,,,,,,,,,,,,,,,,,,,KIRTLAND,JBSA LACKLAND,,,,,,,
,,,,,,,,,,,,,,NELLIS,,MILDENHALL,,MCCONNELL,MCCONNELL,MCCONNELL,MCCONNELL,MCCONNELL,MCCONNELL,PATRICK,MAXWELL-GUNTER,,,,,,,,,,,,,,,,,,,LAKENHEATH,KADENA,,,,,,,
,,,,,,,,,,,,,,OFFUTT,,MINOT,,MILDENHALL,MILDENHALL,MILDENHALL,MILDENHALL,MILDENHALL,MILDENHALL,PETERSON,MCCONNELL,,,,,,,,,,,,,,,,,,,LAUGHLIN,KEESLER,,,,,,,
,,,,,,,,,,,,,,OSAN,,MISAWA,,MINOT,MINOT,MINOT,MINOT,MINOT,MINOT,SCHRIEVER,MILDENHALL,,,,,,,,,,,,,,,,,,,LITTLE ROCK,KIRTLAND,,,,,,,
,,,,,,,,,,,,,,RAMSTEIN,,MOODY,,MISAWA,MISAWA,MISAWA,MISAWA,MISAWA,MISAWA,SHAW,MINOT,,,,,,,,,,,,,,,,,,,LOS ANGELES,LAKENHEATH,,,,,,,
,,,,,,,,,,,,,,SEYMOUR JOHNSON,,MOUNTAIN HOME,,MOODY,MOODY,MOODY,MOODY,MOODY,MOODY,SHEPPARD,MOODY,,,,,,,,,,,,,,,,,,,LUKE,LAUGHLIN,,,,,,,
,,,,,,,,,,,,,,SHAW,,NELLIS,,MOUNTAIN HOME,MOUNTAIN HOME,MOUNTAIN HOME,MOUNTAIN HOME,MOUNTAIN HOME,MOUNTAIN HOME,TINKER,MOUNTAIN HOME,,,,,,,,,,,,,,,,,,,MACDILL,LITTLE ROCK,,,,,,,
,,,,,,,,,,,,,,SPANGDAHLEM,,OFFUTT,,NELLIS,NELLIS,NELLIS,NELLIS,NELLIS,NELLIS,TRAVIS,NELLIS,,,,,,,,,,,,,,,,,,,MALMSTROM,LOS ANGELES,,,,,,,
,,,,,,,,,,,,,,TINKER,,PETERSON,,PATRICK,PATRICK,PATRICK,PATRICK,PATRICK,PATRICK,VANCE,OFFUTT,,,,,,,,,,,,,,,,,,,MAXWELL-GUNTER,LUKE,,,,,,,
,,,,,,,,,,,,,,TRAVIS,,POPE,,PETERSON,PETERSON,PETERSON,PETERSON,PETERSON,PETERSON,VANDENBERG,POPE,,,,,,,,,,,,,,,,,,,MCCONNELL,MACDILL,,,,,,,
,,,,,,,,,,,,,,TYNDALL,,RAMSTEIN,,RAMSTEIN,RAMSTEIN,RAMSTEIN,RAMSTEIN,RAMSTEIN,RAMSTEIN,WHITEMAN,RAMSTEIN,,,,,,,,,,,,,,,,,,,MINOT,MALMSTROM,,,,,,,
,,,,,,,,,,,,,,WHITEMAN,,ROBINS ,,SCHRIEVER,SCHRIEVER,SCHRIEVER,SCHRIEVER,SCHRIEVER,SCHRIEVER,,ROBINS,,,,,,,,,,,,,,,,,,,MISAWA,MAXWELL-GUNTER,,,,,,,
,,,,,,,,,,,,,,YOKOTA,,SCOTT,,SCOTT,SCOTT,SCOTT,SCOTT,SCOTT,SCOTT,,SEYMOUR JOHNSON,,,,,,,,,,,,,,,,,,,MOODY,MCCONNELL,,,,,,,
,,,,,,,,,,,,,,,,SEYMOUR JOHNSON,,SEYMOUR JOHNSON,SEYMOUR JOHNSON,SEYMOUR JOHNSON,SEYMOUR JOHNSON,SEYMOUR JOHNSON,SEYMOUR JOHNSON,,SHAW,,,,,,,,,,,,,,,,,,,MOUNTAIN HOME,MILDENHALL,,,,,,,
,,,,,,,,,,,,,,,,SHAW,,SHAW,SHAW,SHAW,SHAW,SHAW,SHAW,,SHEPPARD,,,,,,,,,,,,,,,,,,,NELLIS,MINOT,,,,,,,
,,,,,,,,,,,,,,,,SPANGDAHLEM,,SPANGDAHLEM,SPANGDAHLEM,SPANGDAHLEM,SPANGDAHLEM,SPANGDAHLEM,SPANGDAHLEM,,TINKER,,,,,,,,,,,,,,,,,,,OFFUTT,MISAWA,,,,,,,
,,,,,,,,,,,,,,,,TRAVIS,,TRAVIS,TRAVIS,TRAVIS,TRAVIS,TRAVIS,TRAVIS,,TRAVIS,,,,,,,,,,,,,,,,,,,PATRICK,MOODY,,,,,,,
,,,,,,,,,,,,,,,,TYNDALL,,TYNDALL,TYNDALL,TYNDALL,TYNDALL,TYNDALL,TYNDALL,,VANDENBERG,,,,,,,,,,,,,,,,,,,PETERSON,MOUNTAIN HOME,,,,,,,
,,,,,,,,,,,,,,,,WHITEMAN,,VANDENBERG,VANDENBERG,VANDENBERG,VANDENBERG,VANDENBERG,VANDENBERG,,WHITEMAN,,,,,,,,,,,,,,,,,,,RAMSTEIN,NELLIS,,,,,,,
,,,,,,,,,,,,,,,,YOKOTA,,WHITEMAN,WHITEMAN,WHITEMAN,WHITEMAN,WHITEMAN,WHITEMAN,,WRIGHT PATTERSON,,,,,,,,,,,,,,,,,,,ROBINS,OFFUTT,,,,,,,
,,,,,,,,,,,,,,,,,,YOKOTA,YOKOTA,YOKOTA,YOKOTA,YOKOTA,YOKOTA,,YOKOTA,,,,,,,,,,,,,,,,,,,SCHRIEVER,OSAN,,,,,,,
,,,,,,,,,,,,,,,,,,,,,,,,,,,,,,,,,,,,,,,,,,,,SCOTT,PATRICK,,,,,,,
,,,,,,,,,,,,,,,,,,,,,,,,,,,,,,,,,,,,,,,,,,,,SEYMOUR JOHNSON,PETERSON,,,,,,,
,,,,,,,,,,,,,,,,,,,,,,,,,,,,,,,,,,,,,,,,,,,,SHAW,POPE,,,,,,,
,,,,,,,,,,,,,,,,,,,,,,,,,,,,,,,,,,,,,,,,,,,,SHEPPARD,RAMSTEIN,,,,,,,
,,,,,,,,,,,,,,,,,,,,,,,,,,,,,,,,,,,,,,,,,,,,SPANGDAHLEM,ROBINS,,,,,,,
,,,,,,,,,,,,,,,,,,,,,,,,,,,,,,,,,,,,,,,,,,,,TINKER,SCOTT,,,,,,,
,,,,,,,,,,,,,,,,,,,,,,,,,,,,,,,,,,,,,,,,,,,,TRAVIS,SEYMOUR JOHNSON,,,,,,,
,,,,,,,,,,,,,,,,,,,,,,,,,,,,,,,,,,,,,,,,,,,,TYNDALL,SHAW,,,,,,,
,,,,,,,,,,,,,,,,,,,,,,,,,,,,,,,,,,,,,,,,,,,,VANCE,SHEPPARD,,,,,,,
,,,,,,,,,,,,,,,,,,,,,,,,,,,,,,,,,,,,,,,,,,,,VANDENBERG,SPANGDAHLEM,,,,,,,
,,,,,,,,,,,,,,,,,,,,,,,,,,,,,,,,,,,,,,,,,,,,WHITEMAN,TINKER,,,,,,,
,,,,,,,,,,,,,,,,,,,,,,,,,,,,,,,,,,,,,,,,,,,,WRIGHT PATTERSON,TRAVIS,,,,,,,
,,,,,,,,,,,,,,,,,,,,,,,,,,,,,,,,,,,,,,,,,,,,YOKOTA,TYNDALL,,,,,,,
,,,,,,,,,,,,,,,,,,,,,,,,,,,,,,,,,,,,,,,,,,,,,VANCE,,,,,,,
,,,,,,,,,,,,,,,,,,,,,,,,,,,,,,,,,,,,,,,,,,,,,VANDENBERG,,,,,,,
,,,,,,,,,,,,,,,,,,,,,,,,,,,,,,,,,,,,,,,,,,,,,WHITEMAN,,,,,,,
,,,,,,,,,,,,,,,,,,,,,,,,,,,,,,,,,,,,,,,,,,,,,WRIGHT PATTERSON,,,,,,,
,,,,,,,,,,,,,,,,,,,,,,,,,,,,,,,,,,,,,,,,,,,,,YOKOTA,,,,,,,
